init_node	term_node	capacity	length	free_flow_time	b	power	speed	toll	link_type
1	303	999999.0	0.0	0.0	0.0	4.0	0.0	0.0	0
1	304	999999.0	0.0	0.0	0.0	4.0	0.0	0.0	0
1	306	999999.0	0.0	0.0	0.0	4.0	0.0	0.0	0
1	307	999999.0	0.0	0.0	0.0	4.0	0.0	0.0	0
2	253	999999.0	0.0	0.0	0.0	4.0	0.0	0.0	0
2	255	999999.0	0.0	0.0	0.0	4.0	0.0	0.0	0
2	256	999999.0	0.0	0.0	0.0	4.0	0.0	0.0	0
2	272	999999.0	0.0	0.0	0.0	4.0	0.0	0.0	0
3	258	999999.0	0.0	0.0	0.0	4.0	0.0	0.0	0
3	259	999999.0	0.0	0.0	0.0	4.0	0.0	0.0	0
3	260	999999.0	0.0	0.0	0.0	4.0	0.0	0.0	0
3	261	999999.0	0.0	0.0	0.0	4.0	0.0	0.0	0
4	226	999999.0	0.0	0.0	0.0	4.0	0.0	0.0	0
4	231	999999.0	0.0	0.0	0.0	4.0	0.0	0.0	0
4	232	999999.0	0.0	0.0	0.0	4.0	0.0	0.0	0
4	263	999999.0	0.0	0.0	0.0	4.0	0.0	0.0	0
5	254	999999.0	0.0	0.0	0.0	4.0	0.0	0.0	0
5	255	999999.0	0.0	0.0	0.0	4.0	0.0	0.0	0
5	352	999999.0	0.0	0.0	0.0	4.0	0.0	0.0	0
5	353	999999.0	0.0	0.0	0.0	4.0	0.0	0.0	0
6	196	999999.0	0.0	0.0	0.0	4.0	0.0	0.0	0
6	223	999999.0	0.0	0.0	0.0	4.0	0.0	0.0	0
6	264	999999.0	0.0	0.0	0.0	4.0	0.0	0.0	0
6	295	999999.0	0.0	0.0	0.0	4.0	0.0	0.0	0
7	50	999999.0	0.0	0.0	0.0	4.0	0.0	0.0	0
7	51	999999.0	0.0	0.0	0.0	4.0	0.0	0.0	0
7	55	999999.0	0.0	0.0	0.0	4.0	0.0	0.0	0
7	59	999999.0	0.0	0.0	0.0	4.0	0.0	0.0	0
8	359	999999.0	0.0	0.0	0.0	4.0	0.0	0.0	0
8	360	999999.0	0.0	0.0	0.0	4.0	0.0	0.0	0
8	361	999999.0	0.0	0.0	0.0	4.0	0.0	0.0	0
8	364	999999.0	0.0	0.0	0.0	4.0	0.0	0.0	0
9	158	999999.0	0.0	0.0	0.0	4.0	0.0	0.0	0
9	168	999999.0	0.0	0.0	0.0	4.0	0.0	0.0	0
9	176	999999.0	0.0	0.0	0.0	4.0	0.0	0.0	0
9	362	999999.0	0.0	0.0	0.0	4.0	0.0	0.0	0
10	140	999999.0	0.0	0.0	0.0	4.0	0.0	0.0	0
10	142	999999.0	0.0	0.0	0.0	4.0	0.0	0.0	0
10	144	999999.0	0.0	0.0	0.0	4.0	0.0	0.0	0
10	146	999999.0	0.0	0.0	0.0	4.0	0.0	0.0	0
11	63	999999.0	0.0	0.0	0.0	4.0	0.0	0.0	0
11	275	999999.0	0.0	0.0	0.0	4.0	0.0	0.0	0
11	279	999999.0	0.0	0.0	0.0	4.0	0.0	0.0	0
11	283	999999.0	0.0	0.0	0.0	4.0	0.0	0.0	0
12	112	999999.0	0.0	0.0	0.0	4.0	0.0	0.0	0
12	114	999999.0	0.0	0.0	0.0	4.0	0.0	0.0	0
12	120	999999.0	0.0	0.0	0.0	4.0	0.0	0.0	0
12	121	999999.0	0.0	0.0	0.0	4.0	0.0	0.0	0
13	166	999999.0	0.0	0.0	0.0	4.0	0.0	0.0	0
13	201	999999.0	0.0	0.0	0.0	4.0	0.0	0.0	0
13	203	999999.0	0.0	0.0	0.0	4.0	0.0	0.0	0
13	398	999999.0	0.0	0.0	0.0	4.0	0.0	0.0	0
14	128	999999.0	0.0	0.0	0.0	4.0	0.0	0.0	0
14	129	999999.0	0.0	0.0	0.0	4.0	0.0	0.0	0
14	130	999999.0	0.0	0.0	0.0	4.0	0.0	0.0	0
14	133	999999.0	0.0	0.0	0.0	4.0	0.0	0.0	0
15	165	999999.0	0.0	0.0	0.0	4.0	0.0	0.0	0
15	175	999999.0	0.0	0.0	0.0	4.0	0.0	0.0	0
15	177	999999.0	0.0	0.0	0.0	4.0	0.0	0.0	0
15	191	999999.0	0.0	0.0	0.0	4.0	0.0	0.0	0
16	75	999999.0	0.0	0.0	0.0	4.0	0.0	0.0	0
16	241	999999.0	0.0	0.0	0.0	4.0	0.0	0.0	0
16	246	999999.0	0.0	0.0	0.0	4.0	0.0	0.0	0
16	317	999999.0	0.0	0.0	0.0	4.0	0.0	0.0	0
17	70	999999.0	0.0	0.0	0.0	4.0	0.0	0.0	0
17	251	999999.0	0.0	0.0	0.0	4.0	0.0	0.0	0
17	270	999999.0	0.0	0.0	0.0	4.0	0.0	0.0	0
17	273	999999.0	0.0	0.0	0.0	4.0	0.0	0.0	0
18	70	999999.0	0.0	0.0	0.0	4.0	0.0	0.0	0
18	73	999999.0	0.0	0.0	0.0	4.0	0.0	0.0	0
18	75	999999.0	0.0	0.0	0.0	4.0	0.0	0.0	0
18	241	999999.0	0.0	0.0	0.0	4.0	0.0	0.0	0
19	287	999999.0	0.0	0.0	0.0	4.0	0.0	0.0	0
19	291	999999.0	0.0	0.0	0.0	4.0	0.0	0.0	0
19	292	999999.0	0.0	0.0	0.0	4.0	0.0	0.0	0
19	357	999999.0	0.0	0.0	0.0	4.0	0.0	0.0	0
20	217	999999.0	0.0	0.0	0.0	4.0	0.0	0.0	0
20	220	999999.0	0.0	0.0	0.0	4.0	0.0	0.0	0
20	221	999999.0	0.0	0.0	0.0	4.0	0.0	0.0	0
20	238	999999.0	0.0	0.0	0.0	4.0	0.0	0.0	0
21	312	999999.0	0.0	0.0	0.0	4.0	0.0	0.0	0
21	372	999999.0	0.0	0.0	0.0	4.0	0.0	0.0	0
21	373	999999.0	0.0	0.0	0.0	4.0	0.0	0.0	0
21	375	999999.0	0.0	0.0	0.0	4.0	0.0	0.0	0
22	228	999999.0	0.0	0.0	0.0	4.0	0.0	0.0	0
22	285	999999.0	0.0	0.0	0.0	4.0	0.0	0.0	0
22	286	999999.0	0.0	0.0	0.0	4.0	0.0	0.0	0
22	287	999999.0	0.0	0.0	0.0	4.0	0.0	0.0	0
23	222	999999.0	0.0	0.0	0.0	4.0	0.0	0.0	0
23	224	999999.0	0.0	0.0	0.0	4.0	0.0	0.0	0
23	226	999999.0	0.0	0.0	0.0	4.0	0.0	0.0	0
23	231	999999.0	0.0	0.0	0.0	4.0	0.0	0.0	0
24	317	999999.0	0.0	0.0	0.0	4.0	0.0	0.0	0
24	379	999999.0	0.0	0.0	0.0	4.0	0.0	0.0	0
24	383	999999.0	0.0	0.0	0.0	4.0	0.0	0.0	0
24	385	999999.0	0.0	0.0	0.0	4.0	0.0	0.0	0
25	315	999999.0	0.0	0.0	0.0	4.0	0.0	0.0	0
25	331	999999.0	0.0	0.0	0.0	4.0	0.0	0.0	0
25	332	999999.0	0.0	0.0	0.0	4.0	0.0	0.0	0
25	334	999999.0	0.0	0.0	0.0	4.0	0.0	0.0	0
26	327	999999.0	0.0	0.0	0.0	4.0	0.0	0.0	0
26	328	999999.0	0.0	0.0	0.0	4.0	0.0	0.0	0
26	332	999999.0	0.0	0.0	0.0	4.0	0.0	0.0	0
26	335	999999.0	0.0	0.0	0.0	4.0	0.0	0.0	0
27	68	999999.0	0.0	0.0	0.0	4.0	0.0	0.0	0
27	78	999999.0	0.0	0.0	0.0	4.0	0.0	0.0	0
27	276	999999.0	0.0	0.0	0.0	4.0	0.0	0.0	0
27	280	999999.0	0.0	0.0	0.0	4.0	0.0	0.0	0
28	210	999999.0	0.0	0.0	0.0	4.0	0.0	0.0	0
28	213	999999.0	0.0	0.0	0.0	4.0	0.0	0.0	0
28	214	999999.0	0.0	0.0	0.0	4.0	0.0	0.0	0
28	215	999999.0	0.0	0.0	0.0	4.0	0.0	0.0	0
29	46	999999.0	0.0	0.0	0.0	4.0	0.0	0.0	0
29	155	999999.0	0.0	0.0	0.0	4.0	0.0	0.0	0
29	156	999999.0	0.0	0.0	0.0	4.0	0.0	0.0	0
29	157	999999.0	0.0	0.0	0.0	4.0	0.0	0.0	0
30	134	999999.0	0.0	0.0	0.0	4.0	0.0	0.0	0
30	154	999999.0	0.0	0.0	0.0	4.0	0.0	0.0	0
30	156	999999.0	0.0	0.0	0.0	4.0	0.0	0.0	0
30	389	999999.0	0.0	0.0	0.0	4.0	0.0	0.0	0
31	266	999999.0	0.0	0.0	0.0	4.0	0.0	0.0	0
31	267	999999.0	0.0	0.0	0.0	4.0	0.0	0.0	0
31	268	999999.0	0.0	0.0	0.0	4.0	0.0	0.0	0
31	269	999999.0	0.0	0.0	0.0	4.0	0.0	0.0	0
32	79	999999.0	0.0	0.0	0.0	4.0	0.0	0.0	0
32	240	999999.0	0.0	0.0	0.0	4.0	0.0	0.0	0
32	244	999999.0	0.0	0.0	0.0	4.0	0.0	0.0	0
32	270	999999.0	0.0	0.0	0.0	4.0	0.0	0.0	0
33	40	999999.0	0.0	0.0	0.0	4.0	0.0	0.0	0
33	267	999999.0	0.0	0.0	0.0	4.0	0.0	0.0	0
33	268	999999.0	0.0	0.0	0.0	4.0	0.0	0.0	0
33	390	999999.0	0.0	0.0	0.0	4.0	0.0	0.0	0
34	89	999999.0	0.0	0.0	0.0	4.0	0.0	0.0	0
34	90	999999.0	0.0	0.0	0.0	4.0	0.0	0.0	0
34	98	999999.0	0.0	0.0	0.0	4.0	0.0	0.0	0
34	102	999999.0	0.0	0.0	0.0	4.0	0.0	0.0	0
35	147	999999.0	0.0	0.0	0.0	4.0	0.0	0.0	0
35	148	999999.0	0.0	0.0	0.0	4.0	0.0	0.0	0
35	149	999999.0	0.0	0.0	0.0	4.0	0.0	0.0	0
35	150	999999.0	0.0	0.0	0.0	4.0	0.0	0.0	0
36	240	999999.0	0.0	0.0	0.0	4.0	0.0	0.0	0
36	247	999999.0	0.0	0.0	0.0	4.0	0.0	0.0	0
36	268	999999.0	0.0	0.0	0.0	4.0	0.0	0.0	0
36	354	999999.0	0.0	0.0	0.0	4.0	0.0	0.0	0
37	38	2400.0	1.0	0.333333	1.0	4.0	0.0	0.0	1
37	375	2400.0	142.0	4.666667	1.0	4.0	0.0	0.0	1
38	37	2400.0	1.0	0.333333	1.0	4.0	0.0	0.0	1
40	33	999999.0	0.0	0.0	0.0	4.0	0.0	0.0	0
40	390	2400.0	24.0	0.666667	1.0	4.0	0.0	0.0	1
41	101	600.0	315.0	8.0	1.0	4.0	0.0	0.0	1
41	113	600.0	240.0	6.0	1.0	4.0	0.0	0.0	1
42	41	600.0	196.0	5.0	1.0	4.0	0.0	0.0	1
44	46	2800.0	44.0	1.333333	1.0	4.0	0.0	0.0	1
44	47	2800.0	320.0	18.333333	1.0	4.0	0.0	0.0	1
45	46	2800.0	321.0	19.333333	1.0	4.0	0.0	0.0	1
45	47	2800.0	39.0	1.333333	1.0	4.0	0.0	0.0	1
46	29	999999.0	0.0	0.0	0.0	4.0	0.0	0.0	0
46	49	2800.0	35.0	1.333333	1.0	4.0	0.0	0.0	1
46	212	2800.0	82.0	2.0	1.0	4.0	0.0	0.0	1
47	66	2800.0	23.0	0.666667	1.0	4.0	0.0	0.0	1
48	44	2800.0	37.0	1.666667	1.0	4.0	0.0	0.0	1
49	48	2800.0	43.0	5.333333	1.0	4.0	0.0	0.0	1
49	157	2400.0	251.0	6.333333	1.0	4.0	0.0	0.0	1
50	7	999999.0	0.0	0.0	0.0	4.0	0.0	0.0	0
50	51	2800.0	126.0	9.0	1.0	4.0	0.0	0.0	1
51	7	999999.0	0.0	0.0	0.0	4.0	0.0	0.0	0
51	54	2400.0	30.0	1.0	1.0	4.0	0.0	0.0	1
51	58	2800.0	51.0	1.666667	1.0	4.0	0.0	0.0	1
51	196	2400.0	194.0	9.333333	1.0	4.0	0.0	0.0	1
52	54	2800.0	92.0	7.666667	1.0	4.0	0.0	0.0	1
52	163	900.0	125.0	4.666667	1.0	4.0	0.0	0.0	1
53	50	2800.0	114.0	3.333333	1.0	4.0	0.0	0.0	1
54	51	2800.0	30.0	1.666667	1.0	4.0	0.0	0.0	1
54	55	2800.0	103.0	3.666667	1.0	4.0	0.0	0.0	1
54	163	900.0	105.0	3.0	1.0	4.0	0.0	0.0	1
55	7	999999.0	0.0	0.0	0.0	4.0	0.0	0.0	0
55	59	2800.0	139.0	3.333333	1.0	4.0	0.0	0.0	1
56	53	2800.0	46.0	1.0	1.0	4.0	0.0	0.0	1
57	64	2800.0	272.0	9.666667	1.0	4.0	0.0	0.0	1
58	57	2800.0	64.0	1.666667	1.0	4.0	0.0	0.0	1
59	7	999999.0	0.0	0.0	0.0	4.0	0.0	0.0	0
59	60	2800.0	48.0	1.0	1.0	4.0	0.0	0.0	1
60	61	2800.0	56.0	1.333333	1.0	4.0	0.0	0.0	1
60	394	2800.0	161.0	3.666667	1.0	4.0	0.0	0.0	1
61	172	600.0	140.0	4.0	1.0	4.0	0.0	0.0	1
61	393	2800.0	106.0	2.666667	1.0	4.0	0.0	0.0	1
62	56	2800.0	132.0	2.666667	1.0	4.0	0.0	0.0	1
63	11	999999.0	0.0	0.0	0.0	4.0	0.0	0.0	0
63	52	2800.0	301.0	12.0	1.0	4.0	0.0	0.0	1
63	64	2800.0	23.0	0.666667	1.0	4.0	0.0	0.0	1
63	348	900.0	90.0	2.666667	1.0	4.0	0.0	0.0	1
64	65	2800.0	16.0	0.666667	1.0	4.0	0.0	0.0	1
64	279	900.0	339.0	8.666667	1.0	4.0	0.0	0.0	1
65	63	2800.0	19.0	1.333333	1.0	4.0	0.0	0.0	1
65	351	2800.0	115.0	3.333333	1.0	4.0	0.0	0.0	1
66	67	2800.0	36.0	1.666667	1.0	4.0	0.0	0.0	1
66	193	2400.0	280.0	8.666667	1.0	4.0	0.0	0.0	1
67	45	2800.0	22.0	0.666667	1.0	4.0	0.0	0.0	1
67	369	2800.0	43.0	1.0	1.0	4.0	0.0	0.0	1
68	27	999999.0	0.0	0.0	0.0	4.0	0.0	0.0	0
68	100	600.0	262.0	10.666667	1.0	4.0	0.0	0.0	1
69	314	2800.0	133.0	8.0	1.0	4.0	0.0	0.0	1
70	17	999999.0	0.0	0.0	0.0	4.0	0.0	0.0	0
70	18	999999.0	0.0	0.0	0.0	4.0	0.0	0.0	0
70	73	900.0	103.0	4.0	1.0	4.0	0.0	0.0	1
70	245	900.0	77.0	2.0	1.0	4.0	0.0	0.0	1
71	243	900.0	189.0	5.0	1.0	4.0	0.0	0.0	1
72	39	900.0	304.0	7.333333	1.0	4.0	0.0	0.0	1
73	18	999999.0	0.0	0.0	0.0	4.0	0.0	0.0	0
73	75	900.0	348.0	14.666667	1.0	4.0	0.0	0.0	1
74	96	2400.0	568.0	30.333333	1.0	4.0	0.0	0.0	1
75	16	999999.0	0.0	0.0	0.0	4.0	0.0	0.0	0
75	18	999999.0	0.0	0.0	0.0	4.0	0.0	0.0	0
75	70	900.0	451.0	11.333333	1.0	4.0	0.0	0.0	1
75	317	900.0	445.0	11.0	1.0	4.0	0.0	0.0	1
76	79	900.0	178.0	15.333333	1.0	4.0	0.0	0.0	1
77	69	2800.0	137.0	7.0	1.0	4.0	0.0	0.0	1
78	27	999999.0	0.0	0.0	0.0	4.0	0.0	0.0	0
78	68	600.0	253.0	7.0	1.0	4.0	0.0	0.0	1
78	104	600.0	236.0	6.0	1.0	4.0	0.0	0.0	1
78	280	600.0	85.0	2.666667	1.0	4.0	0.0	0.0	1
79	32	999999.0	0.0	0.0	0.0	4.0	0.0	0.0	0
79	81	2400.0	90.0	6.666667	1.0	4.0	0.0	0.0	1
79	251	900.0	463.0	14.0	1.0	4.0	0.0	0.0	1
79	273	2400.0	285.0	12.0	1.0	4.0	0.0	0.0	1
79	352	2400.0	310.0	10.0	1.0	4.0	0.0	0.0	1
80	76	900.0	457.0	14.666667	1.0	4.0	0.0	0.0	1
80	82	900.0	34.0	1.333333	1.0	4.0	0.0	0.0	1
80	243	900.0	66.0	3.0	1.0	4.0	0.0	0.0	1
81	74	2400.0	277.0	18.333333	1.0	4.0	0.0	0.0	1
81	79	2400.0	90.0	11.333333	1.0	4.0	0.0	0.0	1
81	255	900.0	188.0	6.666667	1.0	4.0	0.0	0.0	1
82	80	900.0	34.0	1.0	1.0	4.0	0.0	0.0	1
82	229	900.0	43.0	1.333333	1.0	4.0	0.0	0.0	1
83	97	2400.0	65.0	1.333333	1.0	4.0	0.0	0.0	1
83	100	2400.0	96.0	12.333333	1.0	4.0	0.0	0.0	1
83	344	600.0	198.0	15.333333	1.0	4.0	0.0	0.0	1
84	85	2400.0	132.0	9.666667	1.0	4.0	0.0	0.0	1
85	87	2400.0	197.0	15.333333	1.0	4.0	0.0	0.0	1
85	91	2400.0	31.0	1.333333	1.0	4.0	0.0	0.0	1
85	252	2400.0	301.0	6.333333	1.0	4.0	0.0	0.0	1
86	87	600.0	31.0	1.333333	1.0	4.0	0.0	0.0	1
86	91	2400.0	198.0	10.666667	1.0	4.0	0.0	0.0	1
86	344	600.0	137.0	15.333333	1.0	4.0	0.0	0.0	1
87	86	600.0	31.0	1.333333	1.0	4.0	0.0	0.0	1
87	108	600.0	174.0	6.666667	1.0	4.0	0.0	0.0	1
87	384	2400.0	216.0	6.666667	1.0	4.0	0.0	0.0	1
88	85	2400.0	100.0	4.333333	1.0	4.0	0.0	0.0	1
89	34	999999.0	0.0	0.0	0.0	4.0	0.0	0.0	0
89	104	2400.0	86.0	2.666667	1.0	4.0	0.0	0.0	1
90	34	999999.0	0.0	0.0	0.0	4.0	0.0	0.0	0
90	94	2400.0	165.0	10.333333	1.0	4.0	0.0	0.0	1
91	83	2400.0	137.0	8.666667	1.0	4.0	0.0	0.0	1
91	85	2400.0	31.0	0.666667	1.0	4.0	0.0	0.0	1
91	92	2400.0	128.0	4.666667	1.0	4.0	0.0	0.0	1
92	95	2400.0	132.0	8.333333	1.0	4.0	0.0	0.0	1
93	86	2400.0	131.0	13.333333	1.0	4.0	0.0	0.0	1
94	84	2400.0	128.0	4.0	1.0	4.0	0.0	0.0	1
94	95	900.0	38.0	1.666667	1.0	4.0	0.0	0.0	1
94	98	900.0	192.0	9.666667	1.0	4.0	0.0	0.0	1
95	89	2400.0	165.0	5.0	1.0	4.0	0.0	0.0	1
95	94	900.0	38.0	2.0	1.0	4.0	0.0	0.0	1
96	88	2400.0	75.0	4.0	1.0	4.0	0.0	0.0	1
97	91	2400.0	72.0	1.666667	1.0	4.0	0.0	0.0	1
98	34	999999.0	0.0	0.0	0.0	4.0	0.0	0.0	0
98	250	900.0	342.0	17.333333	1.0	4.0	0.0	0.0	1
99	100	2400.0	102.0	2.0	1.0	4.0	0.0	0.0	1
100	83	2400.0	96.0	2.0	1.0	4.0	0.0	0.0	1
100	106	600.0	130.0	4.333333	1.0	4.0	0.0	0.0	1
100	320	2400.0	392.0	19.0	1.0	4.0	0.0	0.0	1
100	343	600.0	201.0	9.0	1.0	4.0	0.0	0.0	1
101	103	600.0	213.0	15.0	1.0	4.0	0.0	0.0	1
101	392	600.0	122.0	3.0	1.0	4.0	0.0	0.0	1
102	34	999999.0	0.0	0.0	0.0	4.0	0.0	0.0	0
102	94	900.0	297.0	19.0	1.0	4.0	0.0	0.0	1
103	101	600.0	213.0	5.333333	1.0	4.0	0.0	0.0	1
103	117	900.0	38.0	1.666667	1.0	4.0	0.0	0.0	1
103	137	900.0	78.0	2.333333	1.0	4.0	0.0	0.0	1
104	281	2400.0	196.0	9.0	1.0	4.0	0.0	0.0	1
105	78	600.0	202.0	5.0	1.0	4.0	0.0	0.0	1
106	78	600.0	385.0	11.0	1.0	4.0	0.0	0.0	1
107	87	600.0	100.0	2.333333	1.0	4.0	0.0	0.0	1
108	107	600.0	74.0	2.0	1.0	4.0	0.0	0.0	1
108	385	600.0	124.0	3.666667	1.0	4.0	0.0	0.0	1
109	90	2400.0	83.0	2.0	1.0	4.0	0.0	0.0	1
110	118	900.0	106.0	3.666667	1.0	4.0	0.0	0.0	1
111	110	900.0	150.0	5.333333	1.0	4.0	0.0	0.0	1
111	119	900.0	51.0	1.333333	1.0	4.0	0.0	0.0	1
111	133	900.0	274.0	16.0	1.0	4.0	0.0	0.0	1
111	396	900.0	291.0	8.666667	1.0	4.0	0.0	0.0	1
112	12	999999.0	0.0	0.0	0.0	4.0	0.0	0.0	0
112	113	900.0	178.0	4.333333	1.0	4.0	0.0	0.0	1
113	42	600.0	44.0	1.0	1.0	4.0	0.0	0.0	1
113	114	900.0	202.0	8.333333	1.0	4.0	0.0	0.0	1
113	125	900.0	128.0	4.0	1.0	4.0	0.0	0.0	1
114	12	999999.0	0.0	0.0	0.0	4.0	0.0	0.0	0
114	120	900.0	53.0	2.333333	1.0	4.0	0.0	0.0	1
114	121	900.0	51.0	1.333333	1.0	4.0	0.0	0.0	1
115	41	600.0	40.0	1.333333	1.0	4.0	0.0	0.0	1
115	113	600.0	191.0	6.666667	1.0	4.0	0.0	0.0	1
115	116	600.0	172.0	6.666667	1.0	4.0	0.0	0.0	1
116	118	600.0	235.0	13.666667	1.0	4.0	0.0	0.0	1
117	103	900.0	38.0	2.333333	1.0	4.0	0.0	0.0	1
117	115	600.0	477.0	17.0	1.0	4.0	0.0	0.0	1
117	118	900.0	256.0	6.666667	1.0	4.0	0.0	0.0	1
118	111	900.0	256.0	11.666667	1.0	4.0	0.0	0.0	1
118	115	600.0	407.0	19.0	1.0	4.0	0.0	0.0	1
118	117	900.0	256.0	11.333333	1.0	4.0	0.0	0.0	1
119	120	900.0	156.0	6.666667	1.0	4.0	0.0	0.0	1
120	12	999999.0	0.0	0.0	0.0	4.0	0.0	0.0	0
120	111	900.0	207.0	15.666667	1.0	4.0	0.0	0.0	1
120	126	900.0	61.0	1.666667	1.0	4.0	0.0	0.0	1
121	12	999999.0	0.0	0.0	0.0	4.0	0.0	0.0	0
121	126	900.0	22.0	0.666667	1.0	4.0	0.0	0.0	1
122	123	900.0	147.0	4.333333	1.0	4.0	0.0	0.0	1
122	129	2400.0	371.0	27.333333	1.0	4.0	0.0	0.0	1
122	213	900.0	195.0	7.0	1.0	4.0	0.0	0.0	1
122	350	2400.0	374.0	10.666667	1.0	4.0	0.0	0.0	1
123	132	900.0	43.0	1.333333	1.0	4.0	0.0	0.0	1
124	125	900.0	87.0	5.333333	1.0	4.0	0.0	0.0	1
125	113	900.0	128.0	6.333333	1.0	4.0	0.0	0.0	1
125	122	900.0	299.0	21.333333	1.0	4.0	0.0	0.0	1
126	127	900.0	24.0	2.0	1.0	4.0	0.0	0.0	1
127	124	900.0	93.0	3.333333	1.0	4.0	0.0	0.0	1
128	14	999999.0	0.0	0.0	0.0	4.0	0.0	0.0	0
128	129	2400.0	165.0	11.0	1.0	4.0	0.0	0.0	1
129	14	999999.0	0.0	0.0	0.0	4.0	0.0	0.0	0
129	111	900.0	348.0	14.0	1.0	4.0	0.0	0.0	1
129	122	2400.0	371.0	12.666667	1.0	4.0	0.0	0.0	1
129	130	600.0	100.0	3.0	1.0	4.0	0.0	0.0	1
129	152	2400.0	417.0	15.666667	1.0	4.0	0.0	0.0	1
130	14	999999.0	0.0	0.0	0.0	4.0	0.0	0.0	0
130	129	600.0	100.0	2.333333	1.0	4.0	0.0	0.0	1
130	206	600.0	136.0	4.666667	1.0	4.0	0.0	0.0	1
131	45	2800.0	54.0	8.0	1.0	4.0	0.0	0.0	1
131	368	2400.0	22.0	1.0	1.0	4.0	0.0	0.0	1
132	125	900.0	109.0	3.333333	1.0	4.0	0.0	0.0	1
133	14	999999.0	0.0	0.0	0.0	4.0	0.0	0.0	0
133	129	900.0	74.0	5.666667	1.0	4.0	0.0	0.0	1
134	30	999999.0	0.0	0.0	0.0	4.0	0.0	0.0	0
134	386	2800.0	10.0	0.333333	1.0	4.0	0.0	0.0	1
135	117	900.0	75.0	9.0	1.0	4.0	0.0	0.0	1
135	136	900.0	102.0	2.666667	1.0	4.0	0.0	0.0	1
135	137	900.0	31.0	0.666667	1.0	4.0	0.0	0.0	1
136	135	900.0	102.0	3.0	1.0	4.0	0.0	0.0	1
136	137	900.0	87.0	2.333333	1.0	4.0	0.0	0.0	1
137	135	900.0	31.0	0.666667	1.0	4.0	0.0	0.0	1
137	136	900.0	87.0	2.333333	1.0	4.0	0.0	0.0	1
138	139	600.0	105.0	4.0	1.0	4.0	0.0	0.0	1
139	140	2800.0	421.0	16.333333	1.0	4.0	0.0	0.0	1
140	10	999999.0	0.0	0.0	0.0	4.0	0.0	0.0	0
140	144	600.0	103.0	5.333333	1.0	4.0	0.0	0.0	1
140	271	2800.0	247.0	8.0	1.0	4.0	0.0	0.0	1
140	274	600.0	18.0	1.333333	1.0	4.0	0.0	0.0	1
141	234	900.0	73.0	8.333333	1.0	4.0	0.0	0.0	1
141	293	900.0	104.0	5.333333	1.0	4.0	0.0	0.0	1
142	10	999999.0	0.0	0.0	0.0	4.0	0.0	0.0	0
143	318	2400.0	29.0	1.0	1.0	4.0	0.0	0.0	1
143	334	900.0	324.0	8.0	1.0	4.0	0.0	0.0	1
144	10	999999.0	0.0	0.0	0.0	4.0	0.0	0.0	0
144	142	600.0	309.0	12.0	1.0	4.0	0.0	0.0	1
145	234	600.0	153.0	3.666667	1.0	4.0	0.0	0.0	1
146	10	999999.0	0.0	0.0	0.0	4.0	0.0	0.0	0
146	140	600.0	289.0	16.666667	1.0	4.0	0.0	0.0	1
147	35	999999.0	0.0	0.0	0.0	4.0	0.0	0.0	0
147	149	2400.0	25.0	0.666667	1.0	4.0	0.0	0.0	1
148	35	999999.0	0.0	0.0	0.0	4.0	0.0	0.0	0
148	149	2400.0	74.0	2.0	1.0	4.0	0.0	0.0	1
149	35	999999.0	0.0	0.0	0.0	4.0	0.0	0.0	0
149	147	2400.0	25.0	0.666667	1.0	4.0	0.0	0.0	1
149	153	2400.0	363.0	19.333333	1.0	4.0	0.0	0.0	1
150	35	999999.0	0.0	0.0	0.0	4.0	0.0	0.0	0
150	147	2400.0	356.0	21.333333	1.0	4.0	0.0	0.0	1
150	153	2400.0	16.0	0.666667	1.0	4.0	0.0	0.0	1
151	150	2400.0	19.0	0.333333	1.0	4.0	0.0	0.0	1
151	207	2400.0	218.0	9.333333	1.0	4.0	0.0	0.0	1
152	150	2400.0	95.0	12.0	1.0	4.0	0.0	0.0	1
153	178	2400.0	19.0	1.0	1.0	4.0	0.0	0.0	1
153	192	2400.0	99.0	2.666667	1.0	4.0	0.0	0.0	1
154	30	999999.0	0.0	0.0	0.0	4.0	0.0	0.0	0
154	155	2400.0	160.0	4.0	1.0	4.0	0.0	0.0	1
155	29	999999.0	0.0	0.0	0.0	4.0	0.0	0.0	0
155	48	2400.0	250.0	19.666667	1.0	4.0	0.0	0.0	1
156	29	999999.0	0.0	0.0	0.0	4.0	0.0	0.0	0
156	30	999999.0	0.0	0.0	0.0	4.0	0.0	0.0	0
156	387	2400.0	124.0	2.666667	1.0	4.0	0.0	0.0	1
157	29	999999.0	0.0	0.0	0.0	4.0	0.0	0.0	0
157	156	2400.0	69.0	1.666667	1.0	4.0	0.0	0.0	1
158	9	999999.0	0.0	0.0	0.0	4.0	0.0	0.0	0
158	159	2800.0	154.0	4.0	1.0	4.0	0.0	0.0	1
158	176	2800.0	33.0	1.666667	1.0	4.0	0.0	0.0	1
159	160	2800.0	126.0	7.0	1.0	4.0	0.0	0.0	1
160	49	2800.0	88.0	10.666667	1.0	4.0	0.0	0.0	1
162	181	2800.0	41.0	3.666667	1.0	4.0	0.0	0.0	1
162	187	2400.0	55.0	1.666667	1.0	4.0	0.0	0.0	1
163	54	2800.0	105.0	13.0	1.0	4.0	0.0	0.0	1
163	171	900.0	7.0	0.333333	1.0	4.0	0.0	0.0	1
164	167	600.0	156.0	4.0	1.0	4.0	0.0	0.0	1
165	15	999999.0	0.0	0.0	0.0	4.0	0.0	0.0	0
165	175	2400.0	138.0	3.666667	1.0	4.0	0.0	0.0	1
166	13	999999.0	0.0	0.0	0.0	4.0	0.0	0.0	0
166	167	600.0	101.0	2.666667	1.0	4.0	0.0	0.0	1
167	163	900.0	138.0	3.666667	1.0	4.0	0.0	0.0	1
167	170	900.0	185.0	4.333333	1.0	4.0	0.0	0.0	1
168	9	999999.0	0.0	0.0	0.0	4.0	0.0	0.0	0
168	169	2800.0	161.0	6.333333	1.0	4.0	0.0	0.0	1
168	185	2800.0	34.0	1.0	1.0	4.0	0.0	0.0	1
169	181	2400.0	32.0	0.666667	1.0	4.0	0.0	0.0	1
169	225	2800.0	37.0	1.333333	1.0	4.0	0.0	0.0	1
170	167	900.0	185.0	5.0	1.0	4.0	0.0	0.0	1
170	174	600.0	141.0	6.666667	1.0	4.0	0.0	0.0	1
170	195	900.0	94.0	2.333333	1.0	4.0	0.0	0.0	1
171	167	900.0	131.0	4.0	1.0	4.0	0.0	0.0	1
172	173	600.0	54.0	4.0	1.0	4.0	0.0	0.0	1
173	61	600.0	194.0	5.0	1.0	4.0	0.0	0.0	1
173	170	600.0	219.0	5.333333	1.0	4.0	0.0	0.0	1
174	173	600.0	78.0	4.0	1.0	4.0	0.0	0.0	1
175	15	999999.0	0.0	0.0	0.0	4.0	0.0	0.0	0
175	177	2400.0	53.0	1.333333	1.0	4.0	0.0	0.0	1
176	9	999999.0	0.0	0.0	0.0	4.0	0.0	0.0	0
176	168	2800.0	40.0	1.0	1.0	4.0	0.0	0.0	1
176	367	2800.0	69.0	1.666667	1.0	4.0	0.0	0.0	1
177	15	999999.0	0.0	0.0	0.0	4.0	0.0	0.0	0
177	179	2400.0	108.0	5.333333	1.0	4.0	0.0	0.0	1
178	151	2400.0	15.0	1.333333	1.0	4.0	0.0	0.0	1
178	170	900.0	198.0	5.0	1.0	4.0	0.0	0.0	1
179	178	2800.0	87.0	7.333333	1.0	4.0	0.0	0.0	1
180	185	2800.0	144.0	12.666667	1.0	4.0	0.0	0.0	1
181	180	2800.0	31.0	2.666667	1.0	4.0	0.0	0.0	1
181	187	2400.0	49.0	1.333333	1.0	4.0	0.0	0.0	1
182	180	2400.0	107.0	8.666667	1.0	4.0	0.0	0.0	1
183	161	2800.0	24.0	1.0	1.0	4.0	0.0	0.0	1
183	184	2800.0	27.0	1.0	1.0	4.0	0.0	0.0	1
184	188	2800.0	344.0	7.666667	1.0	4.0	0.0	0.0	1
185	158	2800.0	38.0	3.333333	1.0	4.0	0.0	0.0	1
185	189	2800.0	60.0	1.666667	1.0	4.0	0.0	0.0	1
186	161	600.0	44.0	1.333333	1.0	4.0	0.0	0.0	1
186	184	2800.0	60.0	1.666667	1.0	4.0	0.0	0.0	1
187	190	2400.0	49.0	1.0	1.0	4.0	0.0	0.0	1
188	158	2800.0	62.0	7.666667	1.0	4.0	0.0	0.0	1
188	189	2800.0	39.0	1.0	1.0	4.0	0.0	0.0	1
189	183	2800.0	350.0	9.666667	1.0	4.0	0.0	0.0	1
190	165	2400.0	95.0	2.333333	1.0	4.0	0.0	0.0	1
191	15	999999.0	0.0	0.0	0.0	4.0	0.0	0.0	0
191	182	2400.0	239.0	6.666667	1.0	4.0	0.0	0.0	1
192	191	2400.0	172.0	4.666667	1.0	4.0	0.0	0.0	1
193	194	2400.0	157.0	10.333333	1.0	4.0	0.0	0.0	1
194	204	2400.0	10.0	0.333333	1.0	4.0	0.0	0.0	1
195	151	900.0	105.0	15.0	1.0	4.0	0.0	0.0	1
196	6	999999.0	0.0	0.0	0.0	4.0	0.0	0.0	0
196	223	2400.0	231.0	11.0	1.0	4.0	0.0	0.0	1
197	194	900.0	48.0	6.0	1.0	4.0	0.0	0.0	1
198	200	2400.0	39.0	1.0	1.0	4.0	0.0	0.0	1
198	363	900.0	90.0	3.0	1.0	4.0	0.0	0.0	1
199	67	2400.0	281.0	14.0	1.0	4.0	0.0	0.0	1
200	199	2400.0	112.0	2.666667	1.0	4.0	0.0	0.0	1
201	13	999999.0	0.0	0.0	0.0	4.0	0.0	0.0	0
201	203	600.0	206.0	5.0	1.0	4.0	0.0	0.0	1
202	51	2400.0	67.0	11.666667	1.0	4.0	0.0	0.0	1
203	13	999999.0	0.0	0.0	0.0	4.0	0.0	0.0	0
203	206	600.0	366.0	9.0	1.0	4.0	0.0	0.0	1
203	210	900.0	180.0	4.666667	1.0	4.0	0.0	0.0	1
203	398	900.0	71.0	2.333333	1.0	4.0	0.0	0.0	1
204	198	2400.0	19.0	1.0	1.0	4.0	0.0	0.0	1
204	233	2400.0	22.0	0.666667	1.0	4.0	0.0	0.0	1
205	130	600.0	52.0	1.333333	1.0	4.0	0.0	0.0	1
206	201	600.0	160.0	7.0	1.0	4.0	0.0	0.0	1
206	211	600.0	63.0	1.666667	1.0	4.0	0.0	0.0	1
207	128	2400.0	136.0	6.0	1.0	4.0	0.0	0.0	1
208	209	2800.0	97.0	2.666667	1.0	4.0	0.0	0.0	1
209	176	2800.0	154.0	13.666667	1.0	4.0	0.0	0.0	1
210	28	999999.0	0.0	0.0	0.0	4.0	0.0	0.0	0
210	203	900.0	180.0	9.0	1.0	4.0	0.0	0.0	1
210	214	600.0	156.0	4.0	1.0	4.0	0.0	0.0	1
210	215	900.0	77.0	2.0	1.0	4.0	0.0	0.0	1
211	205	600.0	30.0	0.666667	1.0	4.0	0.0	0.0	1
212	208	2800.0	33.0	0.666667	1.0	4.0	0.0	0.0	1
212	216	2800.0	84.0	2.333333	1.0	4.0	0.0	0.0	1
213	28	999999.0	0.0	0.0	0.0	4.0	0.0	0.0	0
213	210	900.0	200.0	7.333333	1.0	4.0	0.0	0.0	1
214	28	999999.0	0.0	0.0	0.0	4.0	0.0	0.0	0
215	28	999999.0	0.0	0.0	0.0	4.0	0.0	0.0	0
215	122	900.0	318.0	8.0	1.0	4.0	0.0	0.0	1
216	62	2800.0	545.0	13.333333	1.0	4.0	0.0	0.0	1
217	20	999999.0	0.0	0.0	0.0	4.0	0.0	0.0	0
217	218	900.0	119.0	4.333333	1.0	4.0	0.0	0.0	1
218	217	900.0	119.0	5.666667	1.0	4.0	0.0	0.0	1
218	219	900.0	42.0	1.0	1.0	4.0	0.0	0.0	1
219	220	900.0	90.0	2.333333	1.0	4.0	0.0	0.0	1
220	20	999999.0	0.0	0.0	0.0	4.0	0.0	0.0	0
220	219	900.0	90.0	2.333333	1.0	4.0	0.0	0.0	1
220	221	900.0	53.0	1.333333	1.0	4.0	0.0	0.0	1
221	20	999999.0	0.0	0.0	0.0	4.0	0.0	0.0	0
221	217	900.0	113.0	11.0	1.0	4.0	0.0	0.0	1
221	220	900.0	53.0	1.333333	1.0	4.0	0.0	0.0	1
221	290	900.0	300.0	21.333333	1.0	4.0	0.0	0.0	1
222	23	999999.0	0.0	0.0	0.0	4.0	0.0	0.0	0
222	224	2400.0	125.0	4.333333	1.0	4.0	0.0	0.0	1
222	239	600.0	20.0	0.333333	1.0	4.0	0.0	0.0	1
223	6	999999.0	0.0	0.0	0.0	4.0	0.0	0.0	0
223	202	2400.0	358.0	15.666667	1.0	4.0	0.0	0.0	1
223	237	2400.0	390.0	11.0	1.0	4.0	0.0	0.0	1
223	295	2400.0	25.0	1.666667	1.0	4.0	0.0	0.0	1
224	23	999999.0	0.0	0.0	0.0	4.0	0.0	0.0	0
224	198	2400.0	175.0	13.0	1.0	4.0	0.0	0.0	1
225	56	2800.0	254.0	7.333333	1.0	4.0	0.0	0.0	1
226	4	999999.0	0.0	0.0	0.0	4.0	0.0	0.0	0
226	23	999999.0	0.0	0.0	0.0	4.0	0.0	0.0	0
226	228	900.0	339.0	21.333333	1.0	4.0	0.0	0.0	1
226	232	900.0	154.0	9.0	1.0	4.0	0.0	0.0	1
227	77	2800.0	200.0	9.0	1.0	4.0	0.0	0.0	1
228	22	999999.0	0.0	0.0	0.0	4.0	0.0	0.0	0
228	231	900.0	233.0	7.666667	1.0	4.0	0.0	0.0	1
228	286	2800.0	81.0	14.666667	1.0	4.0	0.0	0.0	1
229	82	900.0	43.0	1.333333	1.0	4.0	0.0	0.0	1
229	242	900.0	203.0	10.0	1.0	4.0	0.0	0.0	1
230	226	900.0	222.0	11.333333	1.0	4.0	0.0	0.0	1
230	296	900.0	252.0	16.0	1.0	4.0	0.0	0.0	1
231	4	999999.0	0.0	0.0	0.0	4.0	0.0	0.0	0
231	23	999999.0	0.0	0.0	0.0	4.0	0.0	0.0	0
231	226	900.0	106.0	9.666667	1.0	4.0	0.0	0.0	1
232	4	999999.0	0.0	0.0	0.0	4.0	0.0	0.0	0
232	226	900.0	154.0	16.333333	1.0	4.0	0.0	0.0	1
232	230	900.0	225.0	14.666667	1.0	4.0	0.0	0.0	1
232	263	900.0	118.0	9.666667	1.0	4.0	0.0	0.0	1
233	235	2400.0	84.0	2.0	1.0	4.0	0.0	0.0	1
234	141	900.0	73.0	6.0	1.0	4.0	0.0	0.0	1
234	263	2800.0	41.0	4.666667	1.0	4.0	0.0	0.0	1
235	236	2400.0	61.0	1.333333	1.0	4.0	0.0	0.0	1
236	239	2400.0	132.0	4.333333	1.0	4.0	0.0	0.0	1
237	298	2400.0	45.0	1.666667	1.0	4.0	0.0	0.0	1
238	20	999999.0	0.0	0.0	0.0	4.0	0.0	0.0	0
239	222	600.0	20.0	0.333333	1.0	4.0	0.0	0.0	1
239	238	600.0	102.0	3.666667	1.0	4.0	0.0	0.0	1
239	288	2800.0	284.0	23.0	1.0	4.0	0.0	0.0	1
240	32	999999.0	0.0	0.0	0.0	4.0	0.0	0.0	0
240	36	999999.0	0.0	0.0	0.0	4.0	0.0	0.0	0
240	355	900.0	113.0	3.333333	1.0	4.0	0.0	0.0	1
241	16	999999.0	0.0	0.0	0.0	4.0	0.0	0.0	0
241	18	999999.0	0.0	0.0	0.0	4.0	0.0	0.0	0
241	75	900.0	73.0	1.666667	1.0	4.0	0.0	0.0	1
242	229	900.0	203.0	5.666667	1.0	4.0	0.0	0.0	1
242	240	900.0	173.0	9.0	1.0	4.0	0.0	0.0	1
242	247	2400.0	320.0	11.333333	1.0	4.0	0.0	0.0	1
242	270	2400.0	255.0	8.666667	1.0	4.0	0.0	0.0	1
243	72	900.0	58.0	2.0	1.0	4.0	0.0	0.0	1
243	80	900.0	66.0	4.333333	1.0	4.0	0.0	0.0	1
243	245	900.0	105.0	3.333333	1.0	4.0	0.0	0.0	1
244	32	999999.0	0.0	0.0	0.0	4.0	0.0	0.0	0
244	354	900.0	113.0	3.0	1.0	4.0	0.0	0.0	1
244	376	900.0	293.0	9.333333	1.0	4.0	0.0	0.0	1
245	70	900.0	77.0	2.666667	1.0	4.0	0.0	0.0	1
245	243	900.0	105.0	2.666667	1.0	4.0	0.0	0.0	1
246	16	999999.0	0.0	0.0	0.0	4.0	0.0	0.0	0
246	241	900.0	32.0	0.666667	1.0	4.0	0.0	0.0	1
247	36	999999.0	0.0	0.0	0.0	4.0	0.0	0.0	0
247	242	2400.0	320.0	30.666667	1.0	4.0	0.0	0.0	1
247	267	2400.0	459.0	20.333333	1.0	4.0	0.0	0.0	1
247	269	600.0	186.0	4.666667	1.0	4.0	0.0	0.0	1
248	257	2400.0	187.0	4.0	1.0	4.0	0.0	0.0	1
249	102	900.0	224.0	10.333333	1.0	4.0	0.0	0.0	1
250	397	900.0	57.0	2.333333	1.0	4.0	0.0	0.0	1
251	17	999999.0	0.0	0.0	0.0	4.0	0.0	0.0	0
251	80	900.0	172.0	13.333333	1.0	4.0	0.0	0.0	1
252	248	2400.0	208.0	4.333333	1.0	4.0	0.0	0.0	1
253	2	999999.0	0.0	0.0	0.0	4.0	0.0	0.0	0
253	81	900.0	409.0	28.333333	1.0	4.0	0.0	0.0	1
253	258	600.0	174.0	6.0	1.0	4.0	0.0	0.0	1
253	272	900.0	66.0	2.666667	1.0	4.0	0.0	0.0	1
253	353	900.0	384.0	21.0	1.0	4.0	0.0	0.0	1
254	5	999999.0	0.0	0.0	0.0	4.0	0.0	0.0	0
254	253	900.0	165.0	8.666667	1.0	4.0	0.0	0.0	1
255	2	999999.0	0.0	0.0	0.0	4.0	0.0	0.0	0
255	5	999999.0	0.0	0.0	0.0	4.0	0.0	0.0	0
255	253	900.0	221.0	13.333333	1.0	4.0	0.0	0.0	1
256	2	999999.0	0.0	0.0	0.0	4.0	0.0	0.0	0
256	272	900.0	93.0	8.333333	1.0	4.0	0.0	0.0	1
256	397	900.0	102.0	3.666667	1.0	4.0	0.0	0.0	1
257	81	2400.0	324.0	6.666667	1.0	4.0	0.0	0.0	1
258	3	999999.0	0.0	0.0	0.0	4.0	0.0	0.0	0
258	253	600.0	174.0	12.0	1.0	4.0	0.0	0.0	1
258	259	600.0	109.0	4.0	1.0	4.0	0.0	0.0	1
259	3	999999.0	0.0	0.0	0.0	4.0	0.0	0.0	0
259	260	600.0	60.0	2.666667	1.0	4.0	0.0	0.0	1
260	3	999999.0	0.0	0.0	0.0	4.0	0.0	0.0	0
260	262	600.0	70.0	3.0	1.0	4.0	0.0	0.0	1
261	3	999999.0	0.0	0.0	0.0	4.0	0.0	0.0	0
261	258	600.0	241.0	9.666667	1.0	4.0	0.0	0.0	1
261	262	600.0	32.0	0.666667	1.0	4.0	0.0	0.0	1
262	145	600.0	261.0	6.666667	1.0	4.0	0.0	0.0	1
262	261	600.0	32.0	0.666667	1.0	4.0	0.0	0.0	1
263	4	999999.0	0.0	0.0	0.0	4.0	0.0	0.0	0
263	232	900.0	118.0	7.666667	1.0	4.0	0.0	0.0	1
263	265	600.0	46.0	3.666667	1.0	4.0	0.0	0.0	1
264	6	999999.0	0.0	0.0	0.0	4.0	0.0	0.0	0
264	295	900.0	178.0	12.666667	1.0	4.0	0.0	0.0	1
265	261	600.0	210.0	10.666667	1.0	4.0	0.0	0.0	1
266	31	999999.0	0.0	0.0	0.0	4.0	0.0	0.0	0
266	269	600.0	123.0	3.0	1.0	4.0	0.0	0.0	1
267	31	999999.0	0.0	0.0	0.0	4.0	0.0	0.0	0
267	33	999999.0	0.0	0.0	0.0	4.0	0.0	0.0	0
267	40	2400.0	167.0	5.333333	1.0	4.0	0.0	0.0	1
268	31	999999.0	0.0	0.0	0.0	4.0	0.0	0.0	0
268	33	999999.0	0.0	0.0	0.0	4.0	0.0	0.0	0
268	36	999999.0	0.0	0.0	0.0	4.0	0.0	0.0	0
268	247	2400.0	202.0	7.333333	1.0	4.0	0.0	0.0	1
269	31	999999.0	0.0	0.0	0.0	4.0	0.0	0.0	0
269	247	600.0	186.0	4.666667	1.0	4.0	0.0	0.0	1
270	17	999999.0	0.0	0.0	0.0	4.0	0.0	0.0	0
270	32	999999.0	0.0	0.0	0.0	4.0	0.0	0.0	0
270	79	2400.0	208.0	24.0	1.0	4.0	0.0	0.0	1
271	277	2800.0	205.0	5.666667	1.0	4.0	0.0	0.0	1
271	282	600.0	16.0	0.333333	1.0	4.0	0.0	0.0	1
272	2	999999.0	0.0	0.0	0.0	4.0	0.0	0.0	0
272	253	900.0	66.0	6.0	1.0	4.0	0.0	0.0	1
272	256	900.0	93.0	4.333333	1.0	4.0	0.0	0.0	1
273	17	999999.0	0.0	0.0	0.0	4.0	0.0	0.0	0
273	242	2400.0	178.0	21.0	1.0	4.0	0.0	0.0	1
274	140	600.0	18.0	0.666667	1.0	4.0	0.0	0.0	1
274	227	2800.0	82.0	3.0	1.0	4.0	0.0	0.0	1
275	11	999999.0	0.0	0.0	0.0	4.0	0.0	0.0	0
275	65	2800.0	183.0	19.0	1.0	4.0	0.0	0.0	1
276	27	999999.0	0.0	0.0	0.0	4.0	0.0	0.0	0
276	280	600.0	25.0	2.333333	1.0	4.0	0.0	0.0	1
277	63	2800.0	211.0	10.0	1.0	4.0	0.0	0.0	1
278	109	2400.0	113.0	3.333333	1.0	4.0	0.0	0.0	1
279	11	999999.0	0.0	0.0	0.0	4.0	0.0	0.0	0
279	275	900.0	162.0	4.333333	1.0	4.0	0.0	0.0	1
279	276	600.0	294.0	7.0	1.0	4.0	0.0	0.0	1
280	27	999999.0	0.0	0.0	0.0	4.0	0.0	0.0	0
280	78	600.0	85.0	2.333333	1.0	4.0	0.0	0.0	1
280	283	600.0	205.0	5.333333	1.0	4.0	0.0	0.0	1
281	284	2400.0	141.0	7.666667	1.0	4.0	0.0	0.0	1
282	271	600.0	16.0	0.333333	1.0	4.0	0.0	0.0	1
282	274	2800.0	240.0	14.333333	1.0	4.0	0.0	0.0	1
283	11	999999.0	0.0	0.0	0.0	4.0	0.0	0.0	0
283	279	900.0	114.0	2.666667	1.0	4.0	0.0	0.0	1
284	223	2400.0	328.0	18.0	1.0	4.0	0.0	0.0	1
285	22	999999.0	0.0	0.0	0.0	4.0	0.0	0.0	0
285	286	2800.0	40.0	7.0	1.0	4.0	0.0	0.0	1
285	287	2800.0	218.0	9.0	1.0	4.0	0.0	0.0	1
286	22	999999.0	0.0	0.0	0.0	4.0	0.0	0.0	0
286	222	2800.0	276.0	8.666667	1.0	4.0	0.0	0.0	1
286	228	900.0	81.0	2.666667	1.0	4.0	0.0	0.0	1
286	288	2800.0	12.0	0.666667	1.0	4.0	0.0	0.0	1
287	19	999999.0	0.0	0.0	0.0	4.0	0.0	0.0	0
287	22	999999.0	0.0	0.0	0.0	4.0	0.0	0.0	0
287	285	2800.0	218.0	12.333333	1.0	4.0	0.0	0.0	1
287	353	2400.0	367.0	13.666667	1.0	4.0	0.0	0.0	1
288	285	2400.0	37.0	1.666667	1.0	4.0	0.0	0.0	1
288	286	2800.0	12.0	0.666667	1.0	4.0	0.0	0.0	1
288	290	2400.0	363.0	20.333333	1.0	4.0	0.0	0.0	1
289	288	2800.0	252.0	23.0	1.0	4.0	0.0	0.0	1
290	221	900.0	300.0	12.333333	1.0	4.0	0.0	0.0	1
290	289	2400.0	111.0	5.333333	1.0	4.0	0.0	0.0	1
290	312	2400.0	261.0	10.666667	1.0	4.0	0.0	0.0	1
290	377	900.0	197.0	8.666667	1.0	4.0	0.0	0.0	1
291	19	999999.0	0.0	0.0	0.0	4.0	0.0	0.0	0
291	287	600.0	70.0	1.666667	1.0	4.0	0.0	0.0	1
292	19	999999.0	0.0	0.0	0.0	4.0	0.0	0.0	0
292	287	2400.0	131.0	4.666667	1.0	4.0	0.0	0.0	1
293	141	900.0	104.0	5.333333	1.0	4.0	0.0	0.0	1
293	264	900.0	105.0	7.666667	1.0	4.0	0.0	0.0	1
294	295	2800.0	351.0	14.0	1.0	4.0	0.0	0.0	1
295	6	999999.0	0.0	0.0	0.0	4.0	0.0	0.0	0
295	223	2400.0	25.0	1.0	1.0	4.0	0.0	0.0	1
295	278	2400.0	539.0	24.333333	1.0	4.0	0.0	0.0	1
295	293	900.0	283.0	10.0	1.0	4.0	0.0	0.0	1
296	297	900.0	134.0	5.666667	1.0	4.0	0.0	0.0	1
296	300	2800.0	131.0	14.666667	1.0	4.0	0.0	0.0	1
296	360	900.0	39.0	1.0	1.0	4.0	0.0	0.0	1
297	230	900.0	118.0	8.666667	1.0	4.0	0.0	0.0	1
298	301	2800.0	198.0	10.0	1.0	4.0	0.0	0.0	1
299	302	2400.0	196.0	11.0	1.0	4.0	0.0	0.0	1
300	294	2400.0	271.0	10.666667	1.0	4.0	0.0	0.0	1
300	301	2800.0	26.0	2.0	1.0	4.0	0.0	0.0	1
301	299	2800.0	75.0	2.333333	1.0	4.0	0.0	0.0	1
301	358	2800.0	28.0	1.0	1.0	4.0	0.0	0.0	1
302	168	2800.0	69.0	4.666667	1.0	4.0	0.0	0.0	1
302	367	2400.0	37.0	0.666667	1.0	4.0	0.0	0.0	1
303	1	999999.0	0.0	0.0	0.0	4.0	0.0	0.0	0
303	304	600.0	100.0	2.333333	1.0	4.0	0.0	0.0	1
304	1	999999.0	0.0	0.0	0.0	4.0	0.0	0.0	0
304	307	600.0	43.0	1.0	1.0	4.0	0.0	0.0	1
304	308	600.0	192.0	4.666667	1.0	4.0	0.0	0.0	1
304	310	600.0	164.0	4.0	1.0	4.0	0.0	0.0	1
305	312	600.0	97.0	2.333333	1.0	4.0	0.0	0.0	1
306	1	999999.0	0.0	0.0	0.0	4.0	0.0	0.0	0
306	303	600.0	179.0	4.333333	1.0	4.0	0.0	0.0	1
307	1	999999.0	0.0	0.0	0.0	4.0	0.0	0.0	0
307	311	600.0	114.0	3.0	1.0	4.0	0.0	0.0	1
308	305	600.0	180.0	4.666667	1.0	4.0	0.0	0.0	1
309	310	600.0	176.0	4.333333	1.0	4.0	0.0	0.0	1
310	304	600.0	164.0	4.0	1.0	4.0	0.0	0.0	1
310	311	600.0	387.0	9.666667	1.0	4.0	0.0	0.0	1
310	313	600.0	191.0	4.666667	1.0	4.0	0.0	0.0	1
311	304	600.0	157.0	4.0	1.0	4.0	0.0	0.0	1
311	309	600.0	211.0	5.333333	1.0	4.0	0.0	0.0	1
312	21	999999.0	0.0	0.0	0.0	4.0	0.0	0.0	0
312	290	2400.0	261.0	16.0	1.0	4.0	0.0	0.0	1
312	306	600.0	190.0	4.666667	1.0	4.0	0.0	0.0	1
312	375	2400.0	234.0	8.0	1.0	4.0	0.0	0.0	1
313	375	600.0	226.0	5.666667	1.0	4.0	0.0	0.0	1
314	139	2800.0	128.0	4.333333	1.0	4.0	0.0	0.0	1
314	315	2800.0	168.0	10.333333	1.0	4.0	0.0	0.0	1
314	319	2400.0	104.0	2.666667	1.0	4.0	0.0	0.0	1
314	320	2400.0	96.0	4.666667	1.0	4.0	0.0	0.0	1
315	25	999999.0	0.0	0.0	0.0	4.0	0.0	0.0	0
315	314	2800.0	168.0	8.333333	1.0	4.0	0.0	0.0	1
315	316	600.0	107.0	4.0	1.0	4.0	0.0	0.0	1
315	321	600.0	103.0	4.0	1.0	4.0	0.0	0.0	1
315	331	2800.0	219.0	22.666667	1.0	4.0	0.0	0.0	1
316	315	600.0	107.0	2.666667	1.0	4.0	0.0	0.0	1
316	319	600.0	117.0	4.0	1.0	4.0	0.0	0.0	1
316	326	600.0	121.0	3.0	1.0	4.0	0.0	0.0	1
317	16	999999.0	0.0	0.0	0.0	4.0	0.0	0.0	0
317	24	999999.0	0.0	0.0	0.0	4.0	0.0	0.0	0
317	383	900.0	153.0	3.666667	1.0	4.0	0.0	0.0	1
318	143	2400.0	29.0	0.666667	1.0	4.0	0.0	0.0	1
318	319	2400.0	161.0	13.333333	1.0	4.0	0.0	0.0	1
318	326	600.0	86.0	2.0	1.0	4.0	0.0	0.0	1
319	138	600.0	128.0	6.0	1.0	4.0	0.0	0.0	1
319	314	2400.0	104.0	6.0	1.0	4.0	0.0	0.0	1
319	318	2400.0	161.0	4.0	1.0	4.0	0.0	0.0	1
320	314	2400.0	96.0	5.0	1.0	4.0	0.0	0.0	1
320	339	2400.0	190.0	9.333333	1.0	4.0	0.0	0.0	1
321	341	600.0	98.0	4.666667	1.0	4.0	0.0	0.0	1
322	336	900.0	83.0	2.666667	1.0	4.0	0.0	0.0	1
323	327	2400.0	144.0	11.0	1.0	4.0	0.0	0.0	1
323	345	2400.0	128.0	3.333333	1.0	4.0	0.0	0.0	1
323	381	2400.0	29.0	1.0	1.0	4.0	0.0	0.0	1
324	337	2800.0	64.0	2.333333	1.0	4.0	0.0	0.0	1
325	322	900.0	154.0	7.0	1.0	4.0	0.0	0.0	1
325	324	2800.0	129.0	8.0	1.0	4.0	0.0	0.0	1
325	331	2800.0	520.0	25.0	1.0	4.0	0.0	0.0	1
326	316	600.0	121.0	3.0	1.0	4.0	0.0	0.0	1
326	318	600.0	86.0	2.0	1.0	4.0	0.0	0.0	1
327	26	999999.0	0.0	0.0	0.0	4.0	0.0	0.0	0
327	323	2400.0	144.0	12.333333	1.0	4.0	0.0	0.0	1
327	328	900.0	47.0	1.333333	1.0	4.0	0.0	0.0	1
327	332	2400.0	422.0	15.666667	1.0	4.0	0.0	0.0	1
327	346	600.0	203.0	7.333333	1.0	4.0	0.0	0.0	1
328	26	999999.0	0.0	0.0	0.0	4.0	0.0	0.0	0
329	330	900.0	17.0	0.333333	1.0	4.0	0.0	0.0	1
330	329	900.0	17.0	1.333333	1.0	4.0	0.0	0.0	1
330	333	900.0	109.0	4.666667	1.0	4.0	0.0	0.0	1
330	334	900.0	436.0	11.0	1.0	4.0	0.0	0.0	1
331	25	999999.0	0.0	0.0	0.0	4.0	0.0	0.0	0
331	315	2800.0	219.0	11.333333	1.0	4.0	0.0	0.0	1
331	325	2800.0	520.0	41.0	1.0	4.0	0.0	0.0	1
331	327	2400.0	599.0	28.666667	1.0	4.0	0.0	0.0	1
331	334	900.0	298.0	13.333333	1.0	4.0	0.0	0.0	1
332	25	999999.0	0.0	0.0	0.0	4.0	0.0	0.0	0
332	26	999999.0	0.0	0.0	0.0	4.0	0.0	0.0	0
332	331	2400.0	177.0	18.333333	1.0	4.0	0.0	0.0	1
333	325	900.0	236.0	16.666667	1.0	4.0	0.0	0.0	1
333	336	900.0	14.0	0.333333	1.0	4.0	0.0	0.0	1
334	25	999999.0	0.0	0.0	0.0	4.0	0.0	0.0	0
334	143	900.0	324.0	13.0	1.0	4.0	0.0	0.0	1
334	330	900.0	436.0	11.0	1.0	4.0	0.0	0.0	1
334	331	900.0	298.0	40.333333	1.0	4.0	0.0	0.0	1
335	26	999999.0	0.0	0.0	0.0	4.0	0.0	0.0	0
335	327	900.0	279.0	18.0	1.0	4.0	0.0	0.0	1
335	337	900.0	374.0	18.666667	1.0	4.0	0.0	0.0	1
335	338	900.0	170.0	13.666667	1.0	4.0	0.0	0.0	1
336	329	900.0	99.0	4.0	1.0	4.0	0.0	0.0	1
336	333	900.0	14.0	0.333333	1.0	4.0	0.0	0.0	1
337	335	900.0	374.0	13.333333	1.0	4.0	0.0	0.0	1
338	335	900.0	170.0	11.333333	1.0	4.0	0.0	0.0	1
338	380	900.0	16.0	2.0	1.0	4.0	0.0	0.0	1
339	99	2400.0	100.0	5.666667	1.0	4.0	0.0	0.0	1
340	342	600.0	87.0	3.666667	1.0	4.0	0.0	0.0	1
341	315	600.0	201.0	17.666667	1.0	4.0	0.0	0.0	1
341	342	600.0	6.0	0.333333	1.0	4.0	0.0	0.0	1
342	341	600.0	6.0	0.333333	1.0	4.0	0.0	0.0	1
342	347	600.0	187.0	6.666667	1.0	4.0	0.0	0.0	1
343	100	600.0	201.0	10.0	1.0	4.0	0.0	0.0	1
343	340	600.0	100.0	8.333333	1.0	4.0	0.0	0.0	1
343	344	600.0	94.0	14.333333	1.0	4.0	0.0	0.0	1
344	83	600.0	198.0	11.333333	1.0	4.0	0.0	0.0	1
344	86	600.0	137.0	8.333333	1.0	4.0	0.0	0.0	1
344	343	600.0	94.0	4.0	1.0	4.0	0.0	0.0	1
345	93	2400.0	84.0	3.666667	1.0	4.0	0.0	0.0	1
345	384	2400.0	32.0	0.666667	1.0	4.0	0.0	0.0	1
346	344	600.0	114.0	8.333333	1.0	4.0	0.0	0.0	1
347	343	600.0	100.0	5.666667	1.0	4.0	0.0	0.0	1
348	349	900.0	23.0	0.666667	1.0	4.0	0.0	0.0	1
349	203	900.0	180.0	7.0	1.0	4.0	0.0	0.0	1
351	282	2800.0	293.0	8.333333	1.0	4.0	0.0	0.0	1
352	5	999999.0	0.0	0.0	0.0	4.0	0.0	0.0	0
352	353	2400.0	74.0	6.0	1.0	4.0	0.0	0.0	1
353	5	999999.0	0.0	0.0	0.0	4.0	0.0	0.0	0
353	79	2400.0	384.0	19.333333	1.0	4.0	0.0	0.0	1
353	254	900.0	219.0	11.333333	1.0	4.0	0.0	0.0	1
353	292	2400.0	236.0	8.666667	1.0	4.0	0.0	0.0	1
354	36	999999.0	0.0	0.0	0.0	4.0	0.0	0.0	0
354	244	900.0	113.0	14.333333	1.0	4.0	0.0	0.0	1
354	355	900.0	72.0	2.333333	1.0	4.0	0.0	0.0	1
355	354	900.0	72.0	3.0	1.0	4.0	0.0	0.0	1
355	356	900.0	17.0	0.666667	1.0	4.0	0.0	0.0	1
356	242	900.0	269.0	26.0	1.0	4.0	0.0	0.0	1
357	19	999999.0	0.0	0.0	0.0	4.0	0.0	0.0	0
357	244	900.0	165.0	8.333333	1.0	4.0	0.0	0.0	1
358	366	2800.0	30.0	1.666667	1.0	4.0	0.0	0.0	1
358	371	2400.0	184.0	5.0	1.0	4.0	0.0	0.0	1
359	8	999999.0	0.0	0.0	0.0	4.0	0.0	0.0	0
359	296	900.0	231.0	15.666667	1.0	4.0	0.0	0.0	1
359	361	900.0	10.0	0.333333	1.0	4.0	0.0	0.0	1
360	8	999999.0	0.0	0.0	0.0	4.0	0.0	0.0	0
360	359	900.0	192.0	7.666667	1.0	4.0	0.0	0.0	1
361	8	999999.0	0.0	0.0	0.0	4.0	0.0	0.0	0
361	197	900.0	274.0	18.333333	1.0	4.0	0.0	0.0	1
362	9	999999.0	0.0	0.0	0.0	4.0	0.0	0.0	0
362	358	2400.0	239.0	8.0	1.0	4.0	0.0	0.0	1
363	364	900.0	118.0	4.0	1.0	4.0	0.0	0.0	1
364	8	999999.0	0.0	0.0	0.0	4.0	0.0	0.0	0
364	359	900.0	111.0	4.0	1.0	4.0	0.0	0.0	1
365	366	2400.0	220.0	17.0	1.0	4.0	0.0	0.0	1
366	300	2800.0	23.0	1.666667	1.0	4.0	0.0	0.0	1
366	370	2800.0	107.0	4.333333	1.0	4.0	0.0	0.0	1
367	302	2400.0	37.0	0.666667	1.0	4.0	0.0	0.0	1
367	362	2400.0	29.0	1.0	1.0	4.0	0.0	0.0	1
368	365	2400.0	75.0	2.0	1.0	4.0	0.0	0.0	1
369	368	2400.0	15.0	1.0	1.0	4.0	0.0	0.0	1
370	296	900.0	37.0	2.0	1.0	4.0	0.0	0.0	1
370	360	900.0	44.0	2.333333	1.0	4.0	0.0	0.0	1
371	131	2400.0	145.0	11.333333	1.0	4.0	0.0	0.0	1
372	21	999999.0	0.0	0.0	0.0	4.0	0.0	0.0	0
372	37	2400.0	64.0	2.666667	1.0	4.0	0.0	0.0	1
373	21	999999.0	0.0	0.0	0.0	4.0	0.0	0.0	0
373	372	2400.0	55.0	2.0	1.0	4.0	0.0	0.0	1
374	290	900.0	78.0	9.333333	1.0	4.0	0.0	0.0	1
375	21	999999.0	0.0	0.0	0.0	4.0	0.0	0.0	0
375	310	600.0	417.0	10.333333	1.0	4.0	0.0	0.0	1
375	312	2400.0	234.0	8.333333	1.0	4.0	0.0	0.0	1
375	373	2400.0	23.0	1.333333	1.0	4.0	0.0	0.0	1
376	377	900.0	134.0	4.0	1.0	4.0	0.0	0.0	1
377	287	600.0	358.0	18.666667	1.0	4.0	0.0	0.0	1
377	357	900.0	262.0	9.333333	1.0	4.0	0.0	0.0	1
377	374	900.0	119.0	5.666667	1.0	4.0	0.0	0.0	1
378	382	600.0	166.0	4.0	1.0	4.0	0.0	0.0	1
379	24	999999.0	0.0	0.0	0.0	4.0	0.0	0.0	0
379	246	900.0	400.0	10.333333	1.0	4.0	0.0	0.0	1
380	338	900.0	16.0	0.666667	1.0	4.0	0.0	0.0	1
380	382	900.0	175.0	12.666667	1.0	4.0	0.0	0.0	1
381	323	2400.0	29.0	1.333333	1.0	4.0	0.0	0.0	1
381	383	900.0	165.0	4.0	1.0	4.0	0.0	0.0	1
382	380	900.0	175.0	8.666667	1.0	4.0	0.0	0.0	1
383	24	999999.0	0.0	0.0	0.0	4.0	0.0	0.0	0
383	379	900.0	85.0	2.0	1.0	4.0	0.0	0.0	1
383	381	900.0	165.0	4.0	1.0	4.0	0.0	0.0	1
383	382	900.0	226.0	14.0	1.0	4.0	0.0	0.0	1
384	345	2400.0	32.0	2.333333	1.0	4.0	0.0	0.0	1
384	381	2400.0	130.0	10.0	1.0	4.0	0.0	0.0	1
385	24	999999.0	0.0	0.0	0.0	4.0	0.0	0.0	0
385	383	600.0	219.0	7.333333	1.0	4.0	0.0	0.0	1
386	389	2800.0	236.0	5.666667	1.0	4.0	0.0	0.0	1
387	388	2400.0	50.0	1.0	1.0	4.0	0.0	0.0	1
389	30	999999.0	0.0	0.0	0.0	4.0	0.0	0.0	0
389	186	2800.0	22.0	0.666667	1.0	4.0	0.0	0.0	1
390	33	999999.0	0.0	0.0	0.0	4.0	0.0	0.0	0
390	268	2400.0	400.0	12.666667	1.0	4.0	0.0	0.0	1
391	325	2800.0	22.0	3.0	1.0	4.0	0.0	0.0	1
392	41	600.0	193.0	4.666667	1.0	4.0	0.0	0.0	1
393	162	2800.0	45.0	3.333333	1.0	4.0	0.0	0.0	1
394	160	2800.0	590.0	15.333333	1.0	4.0	0.0	0.0	1
395	111	900.0	277.0	15.666667	1.0	4.0	0.0	0.0	1
397	249	900.0	70.0	3.0	1.0	4.0	0.0	0.0	1
397	256	900.0	102.0	7.0	1.0	4.0	0.0	0.0	1
398	13	999999.0	0.0	0.0	0.0	4.0	0.0	0.0	0
398	63	900.0	222.0	7.0	1.0	4.0	0.0	0.0	1
